decline_id,quote_id,reason_code
8d682cb8-e8d5-4497-bbaf-0565ff105b2e,530801a3-b046-4feb-aaa9-b70c6810a30b,CLAIMS_HISTORY
6f8e865f-d3e7-4e9d-a0c2-ba12dad160a9,530801a3-b046-4feb-aaa9-b70c6810a30b,VEHICLE_VALUE
d2880336-e0c3-4f00-b22c-4869c68ad11e,530801a3-b046-4feb-aaa9-b70c6810a30b,HIGH_RISK_POSTCODE
e9597bcc-8fa4-4a48-8a88-2cba48a1cb84,e0aac0c1-bb50-4b3a-8c43-4d2417e1260c,VEHICLE_VALUE
c5e1cde0-a9a0-4c58-8546-d973ba7f4be0,4875dde1-5f27-4f37-8ab8-d9e5e92124ae,VEHICLE_VALUE
28dfa198-b143-4d83-ade6-60e14c159ade,4875dde1-5f27-4f37-8ab8-d9e5e92124ae,CLAIMS_HISTORY
33910ea1-b96e-4aa9-9311-53e0fb14a964,131a0446-193d-4b79-b30e-2f34c08a928d,HIGH_RISK_POSTCODE
c993e34f-8f38-4724-9ba9-21af8019bf19,fa9dc2a3-33ae-454d-855a-5cf90ed36311,VEHICLE_VALUE
fa271cc5-65df-48c1-bb33-a75cf3c7a280,fa9dc2a3-33ae-454d-855a-5cf90ed36311,USER_UNDERAGE
1ab2160a-5c7a-4638-a13c-2a7e33d49799,0b221087-583e-4b9d-809a-09ee099f4fd5,USER_UNDERAGE
295214a9-d06e-4933-991e-b5241c68fe0f,0b221087-583e-4b9d-809a-09ee099f4fd5,HIGH_RISK_POSTCODE
0920334a-fe14-4686-98c7-19a8ec450d53,db73596b-560a-4682-a234-ed3634908eb6,CLAIMS_HISTORY
b61ba459-b506-4662-a4fa-aa6b12d4303a,547a63b0-091c-46be-8199-11df1f52ee2c,LICENSE_POINTS
89b84bfb-9b48-4a6d-8564-780373f62b24,547a63b0-091c-46be-8199-11df1f52ee2c,VEHICLE_VALUE
e3495955-6b9e-4dac-aa41-c1bc22191c1d,547a63b0-091c-46be-8199-11df1f52ee2c,CLAIMS_HISTORY
85f81b5e-7095-45dd-80f8-743fe67c1e86,3257a264-c992-4ee0-b5c0-ca9c219273c7,CLAIMS_HISTORY
32da8129-8311-4e25-8a6e-9ef2132b9827,3257a264-c992-4ee0-b5c0-ca9c219273c7,HIGH_RISK_POSTCODE
fde89a83-bac3-4ecc-a7b4-08bf3884ed8e,3257a264-c992-4ee0-b5c0-ca9c219273c7,USER_UNDERAGE
9ab11f09-32cc-4b38-9a07-9211682747d7,3f63fbf2-de30-4d36-8a00-795032e0ce5d,USER_UNDERAGE
b4b590b5-54bd-4073-86fd-7159c1da044d,3f63fbf2-de30-4d36-8a00-795032e0ce5d,CLAIMS_HISTORY
87e7a813-5a5d-402b-92d6-dbf133585776,b2c9f587-9413-4c10-9d6b-832f4e0cb0e0,LICENSE_POINTS
11c02606-ab58-4525-a722-bbda2d004a56,fe8e21c1-6d97-4aeb-a5fb-2c673723bd78,CLAIMS_HISTORY
b5855ebc-ef14-4d38-a491-2c66f24b934d,751f231f-e1c1-4385-903d-f1995cca3d0f,VEHICLE_VALUE
4c6bdff2-e91e-4001-b73c-e1bbdd3e85c8,5f1a7ac1-a5fc-4028-91e7-62cb000e378c,USER_UNDERAGE
7a9d0a0e-659a-4947-a322-346702ecea4d,5f1a7ac1-a5fc-4028-91e7-62cb000e378c,CLAIMS_HISTORY
4d690f05-84a5-4249-973e-554580e907d5,27a6ea6e-968f-4093-8066-5598bdf2c71e,CLAIMS_HISTORY
ffc849d9-8ea7-46a2-8c32-bf71c9c3c19f,cc6bf67c-956d-4ab9-b25d-0df0895b4f55,VEHICLE_VALUE
190638b7-7b32-42a9-8466-ac7a2dabe7a1,cc6bf67c-956d-4ab9-b25d-0df0895b4f55,USER_UNDERAGE
edb241a6-5ab9-471b-8c06-dbe4d85b9f1f,cc6bf67c-956d-4ab9-b25d-0df0895b4f55,LICENSE_POINTS
f3016704-391e-4ac3-8233-d9f04cd0ea3e,57c13b19-9b75-4e30-84a7-6eda42f03427,HIGH_RISK_POSTCODE
9836d3d4-d6c3-4d01-ac01-b638bffe39f5,57c13b19-9b75-4e30-84a7-6eda42f03427,VEHICLE_VALUE
be4af522-e474-46f6-bffd-6e31fa05d6a0,57c13b19-9b75-4e30-84a7-6eda42f03427,USER_UNDERAGE
509df75b-9f41-4a5d-a0e1-2725049eb49b,f4ea366d-ea7a-4ec0-afe3-d61e1bf8f3e6,CLAIMS_HISTORY
17bb897c-fdc9-491d-88b8-0510303a2999,f4ea366d-ea7a-4ec0-afe3-d61e1bf8f3e6,USER_UNDERAGE
3dec238e-f503-4b3a-ac54-06bdc75ede82,bb021513-cea9-4c78-8e73-0077572289e4,VEHICLE_VALUE
bd4ceac3-4e85-4a85-8e7d-8b891a151275,bb021513-cea9-4c78-8e73-0077572289e4,LICENSE_POINTS
784b0b23-62ac-482f-ad1f-48fe61621602,bb021513-cea9-4c78-8e73-0077572289e4,CLAIMS_HISTORY
a325d2e0-0ce7-4bc2-a598-a2d2e294be51,81a4cb9a-4e1c-44a3-a519-ea6081f6a7f4,LICENSE_POINTS
5f1dc524-4071-4922-a6b9-723021c373dd,81a4cb9a-4e1c-44a3-a519-ea6081f6a7f4,USER_UNDERAGE
465caeb1-5bf9-48c1-a2e8-7e57823a0d50,08affb9c-20ee-407e-b36f-281185bc976b,VEHICLE_VALUE
a38600c3-a1c3-4e8b-ac88-79a50235852e,7222bb60-55f2-45d8-9f32-35947b760228,LICENSE_POINTS
cafa1835-9277-4a9c-864e-2b441fb669d5,7222bb60-55f2-45d8-9f32-35947b760228,USER_UNDERAGE
a0c4bee3-b679-42d3-9edc-30ac7fa55993,7222bb60-55f2-45d8-9f32-35947b760228,VEHICLE_VALUE
0f861e55-3c1a-4a54-a27a-ffd1186d18fc,0201142e-1e25-4af2-8739-18a1b9dcf31b,LICENSE_POINTS
9ea64fd8-04f6-4d2f-bcb9-ef53526b9593,58077d56-6572-47ab-864d-4522962d35ff,LICENSE_POINTS
f88c70c3-fa27-4d44-8e27-02e8e2756c18,58077d56-6572-47ab-864d-4522962d35ff,USER_UNDERAGE
30e8c9a3-0d9c-4cea-bcf7-4ffd7689da00,61f9c25f-1015-41e5-8638-fbbec29efeaf,LICENSE_POINTS
c2910ceb-5a2f-40a2-a702-c3d32b2c9d86,61f9c25f-1015-41e5-8638-fbbec29efeaf,VEHICLE_VALUE
b540575f-027a-4e31-aa40-2dd4e2993139,3ad9cd7c-f11f-4609-964e-9715996e8221,VEHICLE_VALUE
8757736c-3c95-4215-b9ad-e94f35412f5d,3ad9cd7c-f11f-4609-964e-9715996e8221,CLAIMS_HISTORY
adbfc93b-9049-4268-8f6c-dd1ea3b50f65,57ee08d9-e609-4756-aaf8-43f91aa4f821,LICENSE_POINTS
053208e2-a42d-4a16-b6bb-3c145a1a4fde,57ee08d9-e609-4756-aaf8-43f91aa4f821,USER_UNDERAGE
c143aced-522a-4400-a3f6-7791d3fb3b0d,74d3aace-bc47-4ec0-a74b-9bb0175b99c4,CLAIMS_HISTORY
c04f47a6-24c0-4c02-8e0e-3375a69efcf3,6509f9ec-08ca-4df9-9536-baa209fc66ac,CLAIMS_HISTORY
924c302f-6bac-462d-8954-d2fcb808fcde,6acbd0fb-7c93-4e61-90cf-6df98e18e891,CLAIMS_HISTORY
72dc08a9-ecf3-4caa-90c6-4d503c80d6c9,6acbd0fb-7c93-4e61-90cf-6df98e18e891,USER_UNDERAGE
595dee33-5f55-45de-9bc4-ce872e312c66,9125cde0-2f18-4946-ad6a-90a7ca354a79,HIGH_RISK_POSTCODE
851cb681-a046-4494-9150-fc1a37e39dc0,08a2501c-0035-4fb8-a872-d2d2070d8705,HIGH_RISK_POSTCODE
40268158-eae4-4bb0-930d-083b3bcf29e0,08a2501c-0035-4fb8-a872-d2d2070d8705,VEHICLE_VALUE
7cd65cc8-dd09-47d5-9a4f-480bc2dc7de4,2f92dc7d-eb55-420e-be05-ee52ca3538a4,CLAIMS_HISTORY
d00c3c73-be95-493f-b5be-0596d23ced84,2f92dc7d-eb55-420e-be05-ee52ca3538a4,VEHICLE_VALUE
2bdb2f67-ac82-4b5a-8299-925cbd34e06a,fff4771e-baf8-4334-a3e8-54511f183a03,USER_UNDERAGE
51c1f594-a30b-4873-88dc-cae5cf599fd4,fff4771e-baf8-4334-a3e8-54511f183a03,VEHICLE_VALUE
268933f4-6d0f-4fe0-8227-d03efe793ac9,fff4771e-baf8-4334-a3e8-54511f183a03,HIGH_RISK_POSTCODE
a7b2a6f3-c264-4c4a-ae3c-256fefefbdd0,f0abff98-0a5a-4b80-b069-073e55a227e6,VEHICLE_VALUE
c807cd21-e90a-4e5b-a1f4-fd942250d29f,f0abff98-0a5a-4b80-b069-073e55a227e6,LICENSE_POINTS
27fb321d-2936-46d6-8d6d-4d15a8d664ae,4e0edd82-2916-4ca5-94b7-0de7bba579be,CLAIMS_HISTORY
9f6f31ca-e0a5-4447-84ee-7c9176736243,4e0edd82-2916-4ca5-94b7-0de7bba579be,VEHICLE_VALUE
1a1c3ee2-dec4-4c7f-bd12-06d221a5afa8,4e0edd82-2916-4ca5-94b7-0de7bba579be,USER_UNDERAGE
467db741-8301-49e4-802e-be56cf55803d,7eb23846-46bc-4ebb-bfbe-3416d0eefbad,HIGH_RISK_POSTCODE
33e259ba-81cb-4f59-bd59-9a32e34636a2,d2903d8e-3312-4a2d-98ed-987121c607d2,USER_UNDERAGE
db743450-8450-4ddb-9f26-c8daf260b2be,c6ec5051-6583-4ecc-8fad-247142afb595,USER_UNDERAGE
48fae7f4-d4ef-4557-ae1d-91d9f76e55da,c6ec5051-6583-4ecc-8fad-247142afb595,HIGH_RISK_POSTCODE
a30f54fa-473a-4cb8-a25a-2a1bd03f5e12,9132f0a2-d104-4b4f-ac44-7763337a807d,LICENSE_POINTS
5799d872-b916-435e-aed0-d8e18670e5ba,a4731a56-9e04-4eb2-a4e8-5ef7bb571bde,USER_UNDERAGE
fa24e7ca-6bb3-4bd4-a893-c1d6140cd71e,a4731a56-9e04-4eb2-a4e8-5ef7bb571bde,HIGH_RISK_POSTCODE
98b1629e-74ab-4722-a5c6-40767b40a6ca,a4731a56-9e04-4eb2-a4e8-5ef7bb571bde,LICENSE_POINTS
d7036afd-6033-4898-a098-7e5016cced9c,2fe72cb6-0156-4115-8a12-e0145c1c32c4,USER_UNDERAGE
e39411d3-42a3-43e8-aa2a-5c83ea73f737,5b689943-4e65-48fc-a44a-39f995182262,CLAIMS_HISTORY
cef2c2cc-6bd1-48a2-9e73-91165611f162,5b689943-4e65-48fc-a44a-39f995182262,VEHICLE_VALUE
a223a0b6-1653-4c1c-87e0-7922c765b855,9a324c18-fb85-4721-9ea0-0a85f07504a0,CLAIMS_HISTORY
2d7c8d3a-5123-4334-abed-fd49e2d908e2,9a324c18-fb85-4721-9ea0-0a85f07504a0,VEHICLE_VALUE
a1dc8994-856e-49c8-9cce-9f9c48570fbf,9a324c18-fb85-4721-9ea0-0a85f07504a0,USER_UNDERAGE
52a38694-eedb-4114-85a8-75c4c11805b1,589cd1ed-6034-4966-bafd-75fa17f58ef1,CLAIMS_HISTORY
42a907db-a551-4921-8db3-fff79e834097,c2bb6ef9-f233-4b7a-9046-5349f7daaae9,CLAIMS_HISTORY
0481d5d1-cecd-4fef-b59a-343dc63fe586,c2bb6ef9-f233-4b7a-9046-5349f7daaae9,USER_UNDERAGE
7fcdee8f-c122-419c-9cc9-3022c5f07b59,c2bb6ef9-f233-4b7a-9046-5349f7daaae9,VEHICLE_VALUE
3da27eab-e65a-4c28-b87f-ec3665ba7042,5433bcee-8cb4-4f85-9799-45b71c856179,VEHICLE_VALUE
c06a6d27-ede3-4867-9e3d-0249d7004a67,7dcf316a-082c-4867-81e4-06539c08feb3,HIGH_RISK_POSTCODE
5d221c6f-959b-465c-9cb2-ced67b10f006,7dcf316a-082c-4867-81e4-06539c08feb3,CLAIMS_HISTORY
4d53cc0e-43f4-4c67-a1cb-1e9251b9335f,7dcf316a-082c-4867-81e4-06539c08feb3,LICENSE_POINTS
28be406d-15bf-4f49-ad37-86e2a7407ae5,b6fad5a9-5d02-4f61-b579-0b5a63556f11,USER_UNDERAGE
aa21eb15-6940-466e-9e5e-1fa1276354b6,b6fad5a9-5d02-4f61-b579-0b5a63556f11,VEHICLE_VALUE
79cd3b33-324e-4895-9d50-64b136dc13c9,c3dfa10d-b863-46a2-93ea-84b7d458aeb9,HIGH_RISK_POSTCODE
3d29ccf4-98ba-4ead-8adb-b506d0049748,d5a99f19-4bdb-423d-a526-db61291aeb8e,HIGH_RISK_POSTCODE
17e7a229-9f90-4f50-a3a1-10cabf7f147b,d5a99f19-4bdb-423d-a526-db61291aeb8e,LICENSE_POINTS
3a9b7e83-c8b9-4f2d-9fba-a3202b7d7495,4fdbac4f-570e-482f-8bff-9b71dae055b1,HIGH_RISK_POSTCODE
b2cd74c6-ac26-44dd-9f53-c79bf2664b05,6251a635-6de4-4aee-8a46-dbe0511cffbd,HIGH_RISK_POSTCODE
1e719b3d-c6f2-4111-933a-1599ff6b48db,87977cdf-f8b9-4daf-ad91-fa7d5c05ae0a,USER_UNDERAGE
6db9ab37-37b8-41fa-977d-e5d3f1b5ac13,87977cdf-f8b9-4daf-ad91-fa7d5c05ae0a,HIGH_RISK_POSTCODE
e162cc05-8686-4538-8dbb-d4829ea30315,87977cdf-f8b9-4daf-ad91-fa7d5c05ae0a,CLAIMS_HISTORY
c7ca955c-bd9c-4a72-8841-03d2f76f5717,d3371b3c-4deb-40ed-b001-938f9e2665e6,CLAIMS_HISTORY
d09aad7d-ea42-4096-bad8-bd25ba028279,d3371b3c-4deb-40ed-b001-938f9e2665e6,USER_UNDERAGE
5b6d999a-e15b-4e00-9a1d-954af7b33c80,d3371b3c-4deb-40ed-b001-938f9e2665e6,LICENSE_POINTS
dd032e48-e3c9-40e6-849d-dea6a15ae662,70c6e56d-ae6a-4d7f-83cf-388741f10685,CLAIMS_HISTORY
16a971d1-480c-4111-ac14-ffa630435498,70c6e56d-ae6a-4d7f-83cf-388741f10685,USER_UNDERAGE
e660955b-831b-42a2-9efd-fa304544c766,27c7fd91-f91f-46d6-94b1-a90c98e2d9c4,LICENSE_POINTS
866849aa-3aa1-40d2-8c78-a095152bd620,27c7fd91-f91f-46d6-94b1-a90c98e2d9c4,HIGH_RISK_POSTCODE
ffabdce2-2813-49df-9a01-f95341d5787d,27c7fd91-f91f-46d6-94b1-a90c98e2d9c4,CLAIMS_HISTORY
b0cfa3c7-97a9-4685-bc9c-abe0eb9318d3,e18f9492-7ee7-445a-a822-f64aa3f32f94,CLAIMS_HISTORY
534d9494-aac2-4f04-b4f8-61fdef23b328,b18af6d2-512c-4a4d-b70d-0fe13fd507c5,HIGH_RISK_POSTCODE
ccbd3cef-5269-4b40-a1b5-fe17db93674c,b18af6d2-512c-4a4d-b70d-0fe13fd507c5,CLAIMS_HISTORY
c809d923-b801-4624-8a5d-6f5e2f4cabd6,b18af6d2-512c-4a4d-b70d-0fe13fd507c5,USER_UNDERAGE
137af400-b9fb-4908-80f9-d79a3451c6b3,fb78463b-cfb3-4d59-abe0-a119efec63ca,USER_UNDERAGE
15cdcaea-39f9-42f8-85b6-29b8b4232258,fb78463b-cfb3-4d59-abe0-a119efec63ca,VEHICLE_VALUE
1f973afa-5eb0-4328-895a-4ba3ba1d1533,fb78463b-cfb3-4d59-abe0-a119efec63ca,HIGH_RISK_POSTCODE
f5bae24c-8ef0-4886-acf0-14c91a1b9e0d,5a07a572-3e93-440a-b4de-6f6a8327c717,HIGH_RISK_POSTCODE
abd856f0-7d21-4483-bd8c-a79ea1dc99d5,5a07a572-3e93-440a-b4de-6f6a8327c717,VEHICLE_VALUE
696e1709-a32e-4694-b5d5-54d8e2bd863f,5a07a572-3e93-440a-b4de-6f6a8327c717,LICENSE_POINTS
0284c882-165f-42dd-a57c-a4a944738086,d152294b-8d85-46cc-89f1-363799c48671,CLAIMS_HISTORY
893923a0-ff6d-412e-885d-710d66e7c1d2,0039a08b-d34a-414a-b58d-1c0940d17bb0,CLAIMS_HISTORY
149b0bbf-6974-4c56-b1d3-c60efcc7d005,0b4f10c4-041a-4483-bf3c-e8d2a648a889,VEHICLE_VALUE
2e3f28c9-3048-46db-910b-05b604204e78,0b4f10c4-041a-4483-bf3c-e8d2a648a889,USER_UNDERAGE
1b51bc2a-a88d-40e6-abff-ebd283fd5dbe,0b4f10c4-041a-4483-bf3c-e8d2a648a889,HIGH_RISK_POSTCODE
d7b8d74f-c95f-4d32-b9c9-3b6ef4bf4b5a,c07ce6f8-e939-4aa8-9c1c-7e892595c990,USER_UNDERAGE
4dd045bb-59be-4167-b95f-682a7e20478b,c07ce6f8-e939-4aa8-9c1c-7e892595c990,LICENSE_POINTS
584d45a5-4006-4803-b1a3-7d1b0651d90b,c07ce6f8-e939-4aa8-9c1c-7e892595c990,VEHICLE_VALUE
d59330da-dc27-42b2-957e-3c48d3b51c83,8929ca21-240c-42ff-87ca-74791490d67c,LICENSE_POINTS
c0b3875b-87a2-4290-a6fb-966d8330fdfa,8929ca21-240c-42ff-87ca-74791490d67c,CLAIMS_HISTORY
eb0e94d4-61e8-4f34-a85d-87ec6a68c811,59b41943-a86b-4200-843b-4f2494fd115f,LICENSE_POINTS
54c2b65e-3a84-4220-8c06-64e887deda53,59b41943-a86b-4200-843b-4f2494fd115f,HIGH_RISK_POSTCODE
5f5dfd28-e4d4-4b35-b080-e52a7c5127e5,59b41943-a86b-4200-843b-4f2494fd115f,CLAIMS_HISTORY
958d4a91-7ff6-42be-b173-41fc01827952,a0c79cf9-dc10-4a42-b114-f6c25e6d306f,USER_UNDERAGE
ce46d38b-81e2-4877-91de-27c1188f800b,a0c79cf9-dc10-4a42-b114-f6c25e6d306f,CLAIMS_HISTORY
5ba3a5e0-9da9-499d-b70f-e9dd30c9870f,a0c79cf9-dc10-4a42-b114-f6c25e6d306f,HIGH_RISK_POSTCODE
d2536085-dd54-4549-af83-64d2707f2b40,137d2453-3e15-4782-a2c4-6b5423ffba74,VEHICLE_VALUE
f79ae765-e03f-401c-9369-52bb2aa4bb2a,137d2453-3e15-4782-a2c4-6b5423ffba74,USER_UNDERAGE
39a95103-3cd9-4215-a10d-c70c0607a36f,640b0a15-dc01-4fc7-949c-1611e12940e8,CLAIMS_HISTORY
7ae33dfa-4d54-479b-9455-767518112f79,640b0a15-dc01-4fc7-949c-1611e12940e8,USER_UNDERAGE
aa3b89e7-d617-4526-9dbb-41d32f4f0faa,62dd3c55-b8c0-4947-9f30-0b8a086524a6,VEHICLE_VALUE
21711ad1-fcce-4ef4-ad48-773a83f3a32e,62dd3c55-b8c0-4947-9f30-0b8a086524a6,CLAIMS_HISTORY
03cb8f29-a410-429a-84d4-255d9a8514e9,62dd3c55-b8c0-4947-9f30-0b8a086524a6,USER_UNDERAGE
0739ee82-9ab2-403e-b1fb-762065818ae3,a9531c2e-c1f7-4f0b-8748-7be2f2261d4e,USER_UNDERAGE
1b67ed7e-21d9-4a75-a8b5-3ec370493be5,a9531c2e-c1f7-4f0b-8748-7be2f2261d4e,HIGH_RISK_POSTCODE
ca5ff032-c0de-4197-9847-0d6fe86e416d,a9531c2e-c1f7-4f0b-8748-7be2f2261d4e,VEHICLE_VALUE
dac28e6e-a703-4a1a-93f5-522b106d92ad,e2697fbe-3eb2-44c6-8b71-1457641e8f6a,LICENSE_POINTS
72196f34-3ad2-496b-a4b5-f6289afc674e,e2697fbe-3eb2-44c6-8b71-1457641e8f6a,CLAIMS_HISTORY
537cbaab-9c3a-4cdc-9f4e-63bd74cb2327,6c666476-e940-468e-b4c6-b7d1b9faf6a8,USER_UNDERAGE
b85992e9-a6b8-4e63-924f-c1898a54b668,6c666476-e940-468e-b4c6-b7d1b9faf6a8,VEHICLE_VALUE
d4e91456-fe95-4c4a-ae57-b6543debb03a,54d4769e-e4f9-46c8-8dba-95674cbd7f3b,USER_UNDERAGE
7548b616-ce28-4215-a3fa-c13552e4f27a,e45f21c8-72c7-4da8-b6ae-e6197a9439d4,LICENSE_POINTS
9e21df2a-14d1-4cce-931c-d4ff20cb6d9a,c3a87e0f-9021-4455-8367-c9317505c259,LICENSE_POINTS
8f4dd6d2-a8c7-48f2-8dad-a8a108c54ddc,926461e0-cee7-4f65-964b-b3341246e2c5,LICENSE_POINTS
cd3f7b6d-3a38-4d0c-91f6-cdbb1a466eda,926461e0-cee7-4f65-964b-b3341246e2c5,VEHICLE_VALUE
0c22bf76-1475-4227-936b-d140515e28a6,8fd45961-4d86-403f-94a2-48b398f33d68,VEHICLE_VALUE
62d59a26-260d-40ac-8bcc-e1ec76f5785d,8fd45961-4d86-403f-94a2-48b398f33d68,USER_UNDERAGE
6386222b-31e5-4f3d-9973-413fab2d19ab,8fd45961-4d86-403f-94a2-48b398f33d68,CLAIMS_HISTORY
0d292450-7dc3-4756-a612-2f2853435d77,06ceab8f-c9fd-4cda-8e3f-1ccd9318caba,LICENSE_POINTS
c074a6fc-1c2d-44ff-87ab-914f1ef6c1cb,06ceab8f-c9fd-4cda-8e3f-1ccd9318caba,CLAIMS_HISTORY
580dd179-44be-4266-95eb-f88f4430dfdb,06ceab8f-c9fd-4cda-8e3f-1ccd9318caba,VEHICLE_VALUE
966e04cb-939b-466e-bb7c-9053433c86ef,94131acb-ede4-477f-9ab0-fd384c8dd265,LICENSE_POINTS
c896a532-a3f3-41d0-b97d-083f6248b185,85bfa488-bb81-49c4-bd1a-3a227f035862,CLAIMS_HISTORY
8df58de5-6e3d-4b8e-83e9-8dc0588f8499,85bfa488-bb81-49c4-bd1a-3a227f035862,VEHICLE_VALUE
53a0d330-6a7c-46e1-9eec-e62bc044cce0,85bfa488-bb81-49c4-bd1a-3a227f035862,USER_UNDERAGE
06d07900-2118-4c7b-912b-0b799b5a2650,e7ad2721-f0f0-4c24-b4da-01b60d5eb430,VEHICLE_VALUE
14d528cc-9dae-44f4-a870-382643495303,e7ad2721-f0f0-4c24-b4da-01b60d5eb430,USER_UNDERAGE
a7e5db59-75ec-4d6b-9892-746b5e7408ff,48b6ef76-ef26-457e-b207-4d87b2db2880,USER_UNDERAGE
4a8efb70-4355-4f12-922d-bc1e8e9bb9f0,48b6ef76-ef26-457e-b207-4d87b2db2880,VEHICLE_VALUE
1f53dbec-372c-4950-ad96-3fa3be5e86ef,48b6ef76-ef26-457e-b207-4d87b2db2880,LICENSE_POINTS
581cf6ca-dbb1-4efc-a415-2701cb643fab,cf9b0b35-c99e-4686-80f3-84abdbdb6db1,CLAIMS_HISTORY
d4583455-fea8-488c-b0da-3cedc914c01d,cf9b0b35-c99e-4686-80f3-84abdbdb6db1,LICENSE_POINTS
1611197a-5240-4bc2-8ec1-fa5534704c61,cf9b0b35-c99e-4686-80f3-84abdbdb6db1,VEHICLE_VALUE
6b9e165e-a74b-485b-882f-3d99b6b3ec7b,822cc3ff-7294-4d2e-ba71-55b9dc89b6e5,LICENSE_POINTS
4cd3eced-8048-4a79-8622-447ed79b5dd8,822cc3ff-7294-4d2e-ba71-55b9dc89b6e5,CLAIMS_HISTORY
4b93739e-daac-469c-9491-993aed9406a6,822cc3ff-7294-4d2e-ba71-55b9dc89b6e5,HIGH_RISK_POSTCODE
d72e3020-ae13-4c66-a13e-821f2ea42e87,73dd7514-9a35-4d79-9ccb-98c322211ebc,VEHICLE_VALUE
5ca5efcb-ff83-43b2-a946-0cf49992ecf0,73dd7514-9a35-4d79-9ccb-98c322211ebc,CLAIMS_HISTORY
68a5eeb0-fd48-4f0a-9a93-3326b65a1426,73dd7514-9a35-4d79-9ccb-98c322211ebc,LICENSE_POINTS
7bf402c4-1a16-48e4-a10e-e87da26acf96,f2405efa-8713-4e14-857f-f63a70a7d2e7,CLAIMS_HISTORY
dda3553a-5c07-403f-b7d2-215bc0f27b50,f2405efa-8713-4e14-857f-f63a70a7d2e7,USER_UNDERAGE
8840799c-cfda-4b4d-a0ba-dabc96be1778,f2405efa-8713-4e14-857f-f63a70a7d2e7,LICENSE_POINTS
253b0e31-a402-428d-9bbb-2d5fde59ec3a,18f25ac8-a6b1-4c81-956f-692993c0caa2,USER_UNDERAGE
254344bf-5ecd-471d-a65c-c555f5c498d0,18f25ac8-a6b1-4c81-956f-692993c0caa2,LICENSE_POINTS
a4504c42-4b14-4832-9537-4884af1475cc,45fbb910-d2e3-4c14-a829-9a4cb6d142cc,LICENSE_POINTS
adc82ae4-fcb6-4ce5-b982-a5a497405bdc,45fbb910-d2e3-4c14-a829-9a4cb6d142cc,VEHICLE_VALUE
1493654c-6788-4f57-8bc1-cbe351d6c574,30e9ba7c-88ac-4e81-b69c-8ab49d9ea04c,LICENSE_POINTS
a4775bc5-7122-4a3a-8cb5-5a67dc5edeab,30e9ba7c-88ac-4e81-b69c-8ab49d9ea04c,HIGH_RISK_POSTCODE
b7b350ce-2eaa-42f9-a742-df6589296281,9cb5e6a6-d193-4805-b646-e71de4eb0a6d,HIGH_RISK_POSTCODE
d989dff9-1c75-4632-bdc2-a946734fcb85,9cb5e6a6-d193-4805-b646-e71de4eb0a6d,CLAIMS_HISTORY
bdef331d-02b0-440b-b75d-ee0706beacdf,6c13014f-3ded-4de6-b45c-36670f2b2036,LICENSE_POINTS
911e107c-a77a-4014-bd81-098b97edb39a,6c13014f-3ded-4de6-b45c-36670f2b2036,HIGH_RISK_POSTCODE
cad3f705-43c1-4187-8eaf-10683e6477b7,6c13014f-3ded-4de6-b45c-36670f2b2036,VEHICLE_VALUE
0f0f05da-4871-4030-b188-2482492f406b,3dca0fd4-414a-4724-a4c0-353d331c063c,HIGH_RISK_POSTCODE
b38910e0-19af-4261-a1ef-26c0bdd4959e,3dca0fd4-414a-4724-a4c0-353d331c063c,LICENSE_POINTS
100e6e70-d005-4198-b434-3053a232185b,caf13060-a5f4-48f3-9247-a6865b3e95ae,CLAIMS_HISTORY
74f535d4-ab53-4d91-9b05-0e3b95d7c948,caf13060-a5f4-48f3-9247-a6865b3e95ae,USER_UNDERAGE
99c32aaa-b9b2-4195-8852-15cca377fe58,caf13060-a5f4-48f3-9247-a6865b3e95ae,VEHICLE_VALUE
2cfcc1c1-e904-411b-ac77-ee530a581c72,9ea155ee-fee6-4f64-b0ee-3ce9b047c861,HIGH_RISK_POSTCODE
d38128b2-cb00-4e44-951e-6ff8494f2eb5,9ea155ee-fee6-4f64-b0ee-3ce9b047c861,USER_UNDERAGE
8333c280-1eb8-4162-ac16-cdd1e94f54ba,9ea155ee-fee6-4f64-b0ee-3ce9b047c861,VEHICLE_VALUE
e13f3a54-0881-4f35-b8ae-1cc8de102e58,7203f15e-86bb-4b2f-9071-bef58a2c0f90,LICENSE_POINTS
95c3ab8a-dbbc-4c3f-96e3-af51bf2b112d,7203f15e-86bb-4b2f-9071-bef58a2c0f90,HIGH_RISK_POSTCODE
c340877c-4834-4ead-a5f8-c9b2c02057ad,7203f15e-86bb-4b2f-9071-bef58a2c0f90,CLAIMS_HISTORY
3c64c97b-5b8b-4c47-8076-e796b0e3cf77,ea96bbeb-13a8-4e5c-b220-520e29c9b125,VEHICLE_VALUE
7e3785a5-77e5-48ea-ada4-ef5f578b8d8c,ea96bbeb-13a8-4e5c-b220-520e29c9b125,HIGH_RISK_POSTCODE
c2f59dd1-b34a-4a3d-83ba-09300624d4f7,a376977e-af41-4333-b383-2bc80f80b874,VEHICLE_VALUE
08361121-a539-4270-97c0-3236d11e2192,a376977e-af41-4333-b383-2bc80f80b874,CLAIMS_HISTORY
eee93cee-e9cc-46f5-a716-e00f67f43788,440a19f8-b4f3-4353-97fd-aa0d7276eca6,VEHICLE_VALUE
9c82d9e8-b3a2-4fc1-8845-cf04700c7d96,ef768181-670d-4192-9b0b-cfc27c5626a6,HIGH_RISK_POSTCODE
4861aaf3-02d9-4931-98cd-782c6cbcd829,ef768181-670d-4192-9b0b-cfc27c5626a6,USER_UNDERAGE
9e7b22a4-5acd-4bb3-8247-c2cee5c3ce34,b9a9e075-4c49-4b6a-8ee3-76e1f0f5fc6d,HIGH_RISK_POSTCODE
bd4a0750-ecdc-455e-901c-d56de92ae059,b9a9e075-4c49-4b6a-8ee3-76e1f0f5fc6d,USER_UNDERAGE
992631be-11c7-4165-a9a5-bef3cb1e10b0,dd06fd16-909a-445b-8602-77d5cc217fa2,CLAIMS_HISTORY
7b537d07-c114-49c7-ae68-0907e82d79e8,dd06fd16-909a-445b-8602-77d5cc217fa2,VEHICLE_VALUE
be46fd08-52ed-4255-90a2-6db7dc1fb257,516291cf-0c36-4f95-b1b3-ce2c6a449758,LICENSE_POINTS
643f6e9f-f9f2-4edc-b0cf-db2211670c5e,516291cf-0c36-4f95-b1b3-ce2c6a449758,USER_UNDERAGE
0ee2dba9-47cc-4c06-bfb7-5e5d8c0eadb6,29f7b023-4df3-4c7a-b77f-c2547b12cbb0,HIGH_RISK_POSTCODE
efa33659-252e-4aa0-83a5-57c3dae98737,29f7b023-4df3-4c7a-b77f-c2547b12cbb0,VEHICLE_VALUE
82b23508-285e-425b-9e3c-942aa227b21d,29f7b023-4df3-4c7a-b77f-c2547b12cbb0,CLAIMS_HISTORY
d8404c06-0621-4154-8d6f-d19f638b4546,265a03b0-7fbe-4285-903a-f9bebc441fc0,CLAIMS_HISTORY
312cdd09-3ac7-48da-8aac-668c6fc04c88,265a03b0-7fbe-4285-903a-f9bebc441fc0,LICENSE_POINTS
b17f289f-aa3d-4c06-b1a3-4f4ae280e812,407777c0-b0c3-416e-a265-9fae97e078b9,VEHICLE_VALUE
d3bcd3c7-aa16-48e4-94b6-585394043d7d,407777c0-b0c3-416e-a265-9fae97e078b9,USER_UNDERAGE
faccdbc1-b67a-47f3-b8fe-95aa28126440,5b2aa02a-515d-4473-84af-f12c3dca0262,HIGH_RISK_POSTCODE
01981f0c-c0d5-41d5-916b-2dad14512486,5b2aa02a-515d-4473-84af-f12c3dca0262,USER_UNDERAGE
0a33fcc1-aa98-4e28-afde-7b1dada2294e,5b2aa02a-515d-4473-84af-f12c3dca0262,LICENSE_POINTS
e1292c4c-ae34-40dc-989f-08ac23efdda8,1bea813f-8026-4eb9-99bd-bd1188a939d8,LICENSE_POINTS
04b71b2c-b54f-4972-8d18-a187c87439dd,d56b48d4-418c-4e31-8221-98e0e98647ff,HIGH_RISK_POSTCODE
9703e1fe-6e4e-474e-9380-ed2ecd394abd,d56b48d4-418c-4e31-8221-98e0e98647ff,LICENSE_POINTS
c1d0f909-6f58-4aac-850d-5d63fe65d91d,198ba38d-ae9b-472a-92d6-ba71557e05e4,USER_UNDERAGE
1f7788ca-b52a-41f2-b467-5ea60007d928,198ba38d-ae9b-472a-92d6-ba71557e05e4,HIGH_RISK_POSTCODE
b481369e-55ed-48a8-b6a8-fbe3d0cf9bf0,198ba38d-ae9b-472a-92d6-ba71557e05e4,LICENSE_POINTS
114f7779-abed-4236-a4e4-a87a384438fb,581bff4f-a1bc-4cb6-b9db-69c2edc40d99,HIGH_RISK_POSTCODE
6b687a99-bd98-4c8b-a45f-9c391d053f01,6072d0e2-c09a-419b-9d79-ed185d75c4f5,VEHICLE_VALUE
3d2a9072-50df-4d83-b719-17dcd86c3336,6072d0e2-c09a-419b-9d79-ed185d75c4f5,LICENSE_POINTS
4ad84a4e-a2fc-4684-88c4-e2e2fb5a0215,6072d0e2-c09a-419b-9d79-ed185d75c4f5,USER_UNDERAGE
de53fc3a-b3c8-4817-9047-b981b664e083,cae4e833-be18-42e8-ad8d-77fb208e6fd9,USER_UNDERAGE
7c0a4deb-5837-4136-bc61-59490887ec38,cae4e833-be18-42e8-ad8d-77fb208e6fd9,VEHICLE_VALUE
69aeccca-9d0c-40a9-8407-0ebe07e36609,cae4e833-be18-42e8-ad8d-77fb208e6fd9,LICENSE_POINTS
0a9bf033-68e0-427a-836a-cb824e38199d,7a6292f7-5db2-4106-abde-90c73f34a2af,HIGH_RISK_POSTCODE
dbee007a-acca-4ac4-99e0-a6ea91626ed6,7a6292f7-5db2-4106-abde-90c73f34a2af,VEHICLE_VALUE
3a12d436-482f-4f40-94c8-499523b0051f,26726479-7cd9-4ca1-9711-e7da50c3de70,USER_UNDERAGE
d6811a6d-b04e-4275-bec7-155012f177a0,26726479-7cd9-4ca1-9711-e7da50c3de70,CLAIMS_HISTORY
13469cf3-5b2f-4a85-bceb-062233ed0573,26726479-7cd9-4ca1-9711-e7da50c3de70,VEHICLE_VALUE
4d94d445-c49a-4e2d-9b6a-240e41ebfa86,559211c2-275a-47e3-931b-dd68e149ca54,VEHICLE_VALUE
a03f3884-a57c-4377-9b6a-dab2072a8856,659bea45-f22e-4ce8-b94d-6d99915f4c66,LICENSE_POINTS
b41517d0-d4b7-4d1d-a1d1-1bb26b79bd94,9aa3ea10-5696-406d-9098-8fa53e77fdf9,USER_UNDERAGE
7d14ab87-9c65-404e-a7b7-26050a51120f,951dc873-58aa-4829-8685-e6a3acb6b2fa,VEHICLE_VALUE
ccb391fd-2fc1-45a7-a7ef-3744f8eec330,f6f968cb-32c8-4537-b7c4-2fe19d2748e1,LICENSE_POINTS
c1d16fd5-a3c4-4b56-afaf-bf4b2f569163,f6f968cb-32c8-4537-b7c4-2fe19d2748e1,USER_UNDERAGE
bb7161ef-d819-48bd-b038-cb2816a1e88a,f6f968cb-32c8-4537-b7c4-2fe19d2748e1,CLAIMS_HISTORY
df9eeba3-f170-471f-b4e7-cb4d20494d63,90bff8f2-8425-4fd6-991b-285218198127,LICENSE_POINTS
d6718e1b-d667-4e62-b7bd-4e892c46ac88,90bff8f2-8425-4fd6-991b-285218198127,VEHICLE_VALUE
bc45cf53-da00-4777-9eeb-3607e8a66ee3,90bff8f2-8425-4fd6-991b-285218198127,HIGH_RISK_POSTCODE
1a2405c0-bfd9-46fa-affa-da27deb10805,8515dcbc-a86b-4a6f-8d0d-d36a9bc85587,HIGH_RISK_POSTCODE
a5b645d7-358a-412e-9030-16bd4f6e9e46,8515dcbc-a86b-4a6f-8d0d-d36a9bc85587,USER_UNDERAGE
d56a8cd6-379f-42f0-a92c-d42950fe6b1d,8515dcbc-a86b-4a6f-8d0d-d36a9bc85587,LICENSE_POINTS
f022e06a-f5cf-48e1-b46f-98e33418d0c6,16edf9fa-5914-4677-a855-a0008b314925,USER_UNDERAGE
82ca2589-e98b-43fd-9fa5-991960ab7089,f4752b28-ac1c-4105-8ba6-d2bb51767013,VEHICLE_VALUE
676ac7d8-7603-48bd-a925-2205f29f16cf,56b6daeb-47f3-4bcd-ad08-1e99bb04367d,USER_UNDERAGE
b69c3d41-525c-4779-9a77-e28301454817,56b6daeb-47f3-4bcd-ad08-1e99bb04367d,HIGH_RISK_POSTCODE
ebe5020b-0b46-40b7-a9d5-09c1e4408c62,221eed95-6ad8-41f0-9dab-0f8ee71d1036,LICENSE_POINTS
c0b3c81f-bb8e-463b-9702-262c66d54593,221eed95-6ad8-41f0-9dab-0f8ee71d1036,VEHICLE_VALUE
3a925324-be14-4bf4-b005-9b1173c68548,bbc2ee30-5a87-4df4-b30c-376b60880cb1,LICENSE_POINTS
c68ef085-31e8-441e-a830-976ef7596d69,bbc2ee30-5a87-4df4-b30c-376b60880cb1,CLAIMS_HISTORY
c69b7a25-c142-4f6a-9c0d-564ed26a50ce,961a0b9d-dec7-464b-a025-83824ec4a61d,CLAIMS_HISTORY
7390c8a7-706d-4051-b7af-95f59e2f3eeb,961a0b9d-dec7-464b-a025-83824ec4a61d,HIGH_RISK_POSTCODE
3a7cc308-7802-4f3a-9ddf-93cece79be34,7eec9afb-beb6-43ac-9c18-76e028ce2705,VEHICLE_VALUE
4e5d0089-6df0-47f4-80bd-dc536289ff25,7eec9afb-beb6-43ac-9c18-76e028ce2705,HIGH_RISK_POSTCODE
a13f9636-4a64-47cf-89ae-734273afed25,fb6bd4be-ed69-4a8b-b13d-738250dd3daf,LICENSE_POINTS
6429b1f0-5525-4535-9451-b77bb9f5a490,fb6bd4be-ed69-4a8b-b13d-738250dd3daf,CLAIMS_HISTORY
7da1af25-79f5-47a1-97f4-64c7bcc146db,2a7d2725-9cca-4d39-81c5-87cd041fa3ac,HIGH_RISK_POSTCODE
f3dca379-c1eb-4b43-aa99-126a2d437170,00e715ee-56de-49d2-bab3-134819eda03e,VEHICLE_VALUE
00c29c6c-a39e-40d0-a801-eb014271adf1,87befc52-7454-4c31-98b8-050e40432262,LICENSE_POINTS
cfc47cdc-30f5-46b9-812a-249e9da0c22e,25d256f3-40db-46c5-ae02-16f95ae4c74a,VEHICLE_VALUE
0dcaa57e-229f-4fe2-a375-795cb483829a,25d256f3-40db-46c5-ae02-16f95ae4c74a,HIGH_RISK_POSTCODE
16028ec8-24f8-4da8-bdb3-05fe0fbe4dc8,b0d976cb-22aa-4751-8dd9-4a87c03ca33d,USER_UNDERAGE
3bb94be8-6107-4ab0-a714-3fa70b68df82,79cba6ce-f6fd-4fe6-ba01-9c73df274370,CLAIMS_HISTORY
a6a7cbe4-9db6-4af7-a0a7-6e8fc08b21a7,79cba6ce-f6fd-4fe6-ba01-9c73df274370,HIGH_RISK_POSTCODE
e5abbf21-726a-4fd2-85a9-6557cbd1ce15,79cba6ce-f6fd-4fe6-ba01-9c73df274370,USER_UNDERAGE
d29e2a00-f5ed-4406-9dfa-c8585a3e3a0e,d002843c-afc1-446f-a451-f1845da5416a,VEHICLE_VALUE
ee724c90-e329-4012-847f-65ae8e2bc509,0b56c70f-6fbb-4626-b421-d9ad0136b4c9,CLAIMS_HISTORY
c3c4dbcf-85ce-4ad8-a135-c6ab376fc512,0b56c70f-6fbb-4626-b421-d9ad0136b4c9,LICENSE_POINTS
d20816ea-b518-4583-adec-32d191645b32,5069540a-740c-44b1-9c2f-94addf8e8a32,HIGH_RISK_POSTCODE
50e5864b-92c3-4afe-b71d-2fbac3f9bd6e,5069540a-740c-44b1-9c2f-94addf8e8a32,CLAIMS_HISTORY
6f7c6239-b815-477d-af21-785ebc306790,abc67e5b-db64-40dc-9820-7554c15e7499,LICENSE_POINTS
78136d98-10ed-4db8-b8bf-781bea4e07fc,75020b4a-fc34-403b-87a5-4e6662181fb1,CLAIMS_HISTORY
69741613-9327-4fa6-98d8-a06575181eaf,ea0aa11a-3876-47fb-80e0-45386ce1c9df,CLAIMS_HISTORY
bb5fb00a-ae17-4c00-a75c-8db3061e0ba5,ea0aa11a-3876-47fb-80e0-45386ce1c9df,VEHICLE_VALUE
e70834bc-a661-4fde-8f45-88f61934b5bb,85a5a783-5f3a-46f1-afee-7ae9c5d6a27e,CLAIMS_HISTORY
58011264-abed-4c5e-9c4f-8813a4a3575d,45dc11c0-d333-471c-b612-c417297b5210,USER_UNDERAGE
a4fcb970-ff5c-4d4d-8499-c9b6d15af6f5,45dc11c0-d333-471c-b612-c417297b5210,CLAIMS_HISTORY
f9059650-34e9-4cf4-9193-0f69cd0fcaaf,1ab48b6b-44f8-495e-8109-06122a0ba937,USER_UNDERAGE
2e5299cf-93c3-4b81-b603-49d6fa6e2567,1ab48b6b-44f8-495e-8109-06122a0ba937,CLAIMS_HISTORY
f29ee92a-8576-43a4-bd9d-60c7d75315bf,6223c2c0-bf53-4cf5-8d8b-67af093d945a,CLAIMS_HISTORY
8f53780f-a230-47e3-b711-dacbb34c529f,6223c2c0-bf53-4cf5-8d8b-67af093d945a,USER_UNDERAGE
c3aeed53-993c-46f8-8d61-faa5e1070bac,6223c2c0-bf53-4cf5-8d8b-67af093d945a,VEHICLE_VALUE
3297ce3e-0b76-42ad-a1e2-b6dc005472cb,8c0e18ba-7bbf-465e-b277-cadb75eaef3f,CLAIMS_HISTORY
90e40574-5273-4767-af54-ec530130baeb,8c0e18ba-7bbf-465e-b277-cadb75eaef3f,LICENSE_POINTS
c7e5c08d-1534-4642-9196-bcf792090e8b,33ff1047-d2ec-40a5-80ad-773507fc72fd,CLAIMS_HISTORY
7b6f185e-11d2-4c59-865d-e0b1ac922055,33ff1047-d2ec-40a5-80ad-773507fc72fd,USER_UNDERAGE
4c32c71c-5b98-4334-a242-242654b2a7b5,981d6929-cfc5-4485-a8f8-b80c3f73b769,VEHICLE_VALUE
edf7b76b-5111-4ac3-8c99-8978ef4d17d9,981d6929-cfc5-4485-a8f8-b80c3f73b769,HIGH_RISK_POSTCODE
9474a56f-0c1c-4f02-9e87-789796b2996d,48a86a46-d24c-416d-95d4-70f3a0202be7,CLAIMS_HISTORY
3b6cd22b-a812-471b-a286-ec0d0835b3e9,eb1ff4a4-f7f3-409a-8e18-0ddf82f0f702,HIGH_RISK_POSTCODE
a1555314-e9e2-4b4e-a0d8-1cdfa90c3d9d,eb1ff4a4-f7f3-409a-8e18-0ddf82f0f702,CLAIMS_HISTORY
